{"cameraMode":{"drawMode":0,"name":"Shaded","section":"Shading Mode"},"sceneLighting":true,"audioPlay":false,"sceneViewState":{"m_AlwaysRefresh":false,"showFog":true,"showSkybox":true,"showFlares":true,"showImageEffects":true,"showParticleSystems":true,"showVisualEffectGraphs":true,"m_FxEnabled":true},"in2DMode":false,"pivot":{"x":3.0283613204956056,"y":2.2537760734558107,"z":1.3668407201766968},"rotation":{"x":0.0032371936831623317,"y":0.5381664633750916,"z":-0.004975690506398678,"w":0.8430448770523071},"size":4.009466171264648,"orthographic":false}