{"cameraMode":{"drawMode":0,"name":"Shaded","section":"Shading Mode"},"sceneLighting":true,"audioPlay":false,"sceneViewState":{"m_AlwaysRefresh":false,"showFog":true,"showSkybox":true,"showFlares":true,"showImageEffects":true,"showParticleSystems":true,"showVisualEffectGraphs":true,"m_FxEnabled":true},"in2DMode":false,"pivot":{"x":0.7456417083740234,"y":3.471316337585449,"z":-42.195316314697269},"rotation":{"x":-0.001089962082915008,"y":-0.9964895844459534,"z":-0.013145076110959053,"w":0.08268915116786957},"size":25.75577735900879,"orthographic":false}