{"cameraMode":{"drawMode":0,"name":"Shaded","section":"Shading Mode"},"sceneLighting":true,"audioPlay":false,"sceneViewState":{"m_AlwaysRefresh":false,"showFog":true,"showSkybox":true,"showFlares":true,"showImageEffects":true,"showParticleSystems":true,"showVisualEffectGraphs":true,"m_FxEnabled":true},"in2DMode":false,"pivot":{"x":-21.31287384033203,"y":-37.844749450683597,"z":-202.9028778076172},"rotation":{"x":-0.0005801019724458456,"y":0.9934669733047485,"z":-0.1140606701374054,"w":-0.005113475956022739},"size":182.2920684814453,"orthographic":false}